--------------------------------------------------------
--  파일이 생성됨 - 목요일-6월-11-2020   
--------------------------------------------------------
--------------------------------------------------------
--  DDL for Table TBL_MEMBER
--------------------------------------------------------

  CREATE TABLE "TBL_MEMBER" 
   (	"USERID" VARCHAR2(50), 
	"USERPW" VARCHAR2(100), 
	"USERNAME" VARCHAR2(100), 
	"REGDATE" VARCHAR2(20), 
	"UPDATEDATE" DATE DEFAULT sysdate, 
	"ENABLED" CHAR(1) DEFAULT 0, 
	"USEREMAIL" VARCHAR2(50)
   ) SEGMENT CREATION IMMEDIATE 
  PCTFREE 10 PCTUSED 40 INITRANS 1 MAXTRANS 255 NOCOMPRESS LOGGING
  STORAGE(INITIAL 65536 NEXT 1048576 MINEXTENTS 1 MAXEXTENTS 2147483645
  PCTINCREASE 0 FREELISTS 1 FREELIST GROUPS 1 BUFFER_POOL DEFAULT FLASH_CACHE DEFAULT CELL_FLASH_CACHE DEFAULT)
  TABLESPACE "USERS"
--------------------------------------------------------
--  DDL for Table TBL_MEMBER_AUTH
--------------------------------------------------------

  CREATE TABLE "TBL_MEMBER_AUTH" 
   (	"USERID" VARCHAR2(50), 
	"AUTH" VARCHAR2(50)
   ) SEGMENT CREATION IMMEDIATE 
  PCTFREE 10 PCTUSED 40 INITRANS 1 MAXTRANS 255 NOCOMPRESS LOGGING
  STORAGE(INITIAL 65536 NEXT 1048576 MINEXTENTS 1 MAXEXTENTS 2147483645
  PCTINCREASE 0 FREELISTS 1 FREELIST GROUPS 1 BUFFER_POOL DEFAULT FLASH_CACHE DEFAULT CELL_FLASH_CACHE DEFAULT)
  TABLESPACE "USERS"
--------------------------------------------------------
--  DDL for Table RES_TABLE
--------------------------------------------------------

  CREATE TABLE "RES_TABLE" 
   (	"NUM" NUMBER, 
	"N_NUM" NUMBER, 
	"USERID" VARCHAR2(100), 
	"GOODS" VARCHAR2(2000), 
	"STATUS" NUMBER(1,0) DEFAULT 1, 
	"RESDATE" VARCHAR2(1000) DEFAULT sysdate, 
	"PRICE" NUMBER, 
	"GOODSPHOTO" VARCHAR2(3000)
   ) SEGMENT CREATION IMMEDIATE 
  PCTFREE 10 PCTUSED 40 INITRANS 1 MAXTRANS 255 NOCOMPRESS LOGGING
  STORAGE(INITIAL 65536 NEXT 1048576 MINEXTENTS 1 MAXEXTENTS 2147483645
  PCTINCREASE 0 FREELISTS 1 FREELIST GROUPS 1 BUFFER_POOL DEFAULT FLASH_CACHE DEFAULT CELL_FLASH_CACHE DEFAULT)
  TABLESPACE "USERS"
--------------------------------------------------------
--  DDL for Table NOTICEWRITE
--------------------------------------------------------

  CREATE TABLE "NOTICEWRITE" 
   (	"SEQUENCE" NUMBER, 
	"USERID" VARCHAR2(100), 
	"TITLE" VARCHAR2(100), 
	"CONTENT" VARCHAR2(4000), 
	"VIEWER" NUMBER DEFAULT 0, 
	"RECOMMEND" NUMBER DEFAULT 0, 
	"DISRECOMMEND" NUMBER DEFAULT 0
   ) SEGMENT CREATION IMMEDIATE 
  PCTFREE 10 PCTUSED 40 INITRANS 1 MAXTRANS 255 NOCOMPRESS LOGGING
  STORAGE(INITIAL 65536 NEXT 1048576 MINEXTENTS 1 MAXEXTENTS 2147483645
  PCTINCREASE 0 FREELISTS 1 FREELIST GROUPS 1 BUFFER_POOL DEFAULT FLASH_CACHE DEFAULT CELL_FLASH_CACHE DEFAULT)
  TABLESPACE "USERS"
--------------------------------------------------------
--  DDL for Table NOTICEREPLY
--------------------------------------------------------

  CREATE TABLE "NOTICEREPLY" 
   (	"NUM" NUMBER, 
	"N_NUM" NUMBER, 
	"USERID" VARCHAR2(100), 
	"COMM" VARCHAR2(2000), 
	"REGDATE" DATE DEFAULT sysdate, 
	"LIKES" NUMBER DEFAULT 0, 
	"HATES" NUMBER DEFAULT 0
   ) SEGMENT CREATION IMMEDIATE 
  PCTFREE 10 PCTUSED 40 INITRANS 1 MAXTRANS 255 NOCOMPRESS LOGGING
  STORAGE(INITIAL 65536 NEXT 1048576 MINEXTENTS 1 MAXEXTENTS 2147483645
  PCTINCREASE 0 FREELISTS 1 FREELIST GROUPS 1 BUFFER_POOL DEFAULT FLASH_CACHE DEFAULT CELL_FLASH_CACHE DEFAULT)
  TABLESPACE "USERS"
--------------------------------------------------------
--  DDL for Table PRODUCT
--------------------------------------------------------

  CREATE TABLE "PRODUCT" 
   (	"NUM" NUMBER, 
	"USERID" VARCHAR2(100), 
	"GOODS" VARCHAR2(100), 
	"CONTENT" VARCHAR2(3000), 
	"PRICE" VARCHAR2(100) DEFAULT 0, 
	"REGDATE" DATE DEFAULT sysdate, 
	"CATEGORY" VARCHAR2(100), 
	"GOODSPHOTO" VARCHAR2(2000), 
	"MANY" NUMBER DEFAULT 0, 
	"STATUS" CHAR(1) DEFAULT 1
   ) SEGMENT CREATION IMMEDIATE 
  PCTFREE 10 PCTUSED 40 INITRANS 1 MAXTRANS 255 NOCOMPRESS LOGGING
  STORAGE(INITIAL 65536 NEXT 1048576 MINEXTENTS 1 MAXEXTENTS 2147483645
  PCTINCREASE 0 FREELISTS 1 FREELIST GROUPS 1 BUFFER_POOL DEFAULT FLASH_CACHE DEFAULT CELL_FLASH_CACHE DEFAULT)
  TABLESPACE "USERS"
--------------------------------------------------------
--  DDL for Table INLOG
--------------------------------------------------------

  CREATE TABLE "INLOG" 
   (	"USERID" VARCHAR2(50), 
	"FAIL_COUNT" NUMBER DEFAULT 0, 
	"LOGIN_COUNT" NUMBER DEFAULT 0, 
	"FULLFAIL_COUNT" NUMBER DEFAULT 0
   ) SEGMENT CREATION IMMEDIATE 
  PCTFREE 10 PCTUSED 40 INITRANS 1 MAXTRANS 255 NOCOMPRESS LOGGING
  STORAGE(INITIAL 65536 NEXT 1048576 MINEXTENTS 1 MAXEXTENTS 2147483645
  PCTINCREASE 0 FREELISTS 1 FREELIST GROUPS 1 BUFFER_POOL DEFAULT FLASH_CACHE DEFAULT CELL_FLASH_CACHE DEFAULT)
  TABLESPACE "USERS"
--------------------------------------------------------
--  DDL for Table CONTACTUS
--------------------------------------------------------

  CREATE TABLE "CONTACTUS" 
   (	"NUM" NUMBER, 
	"EMAIL" VARCHAR2(100), 
	"MESSAGE" VARCHAR2(3000), 
	"REGDATE" DATE DEFAULT sysdate, 
	"STATUS" CHAR(1) DEFAULT 0, 
	"TITLE" VARCHAR2(150)
   ) SEGMENT CREATION IMMEDIATE 
  PCTFREE 10 PCTUSED 40 INITRANS 1 MAXTRANS 255 NOCOMPRESS LOGGING
  STORAGE(INITIAL 65536 NEXT 1048576 MINEXTENTS 1 MAXEXTENTS 2147483645
  PCTINCREASE 0 FREELISTS 1 FREELIST GROUPS 1 BUFFER_POOL DEFAULT FLASH_CACHE DEFAULT CELL_FLASH_CACHE DEFAULT)
  TABLESPACE "USERS"
--------------------------------------------------------
--  DDL for Table RESERVATION
--------------------------------------------------------

  CREATE TABLE "RESERVATION" 
   (	"NUM" NUMBER, 
	"USERID" VARCHAR2(1000), 
	"SELLER" VARCHAR2(100), 
	"BUYDATE" DATE DEFAULT sysdate, 
	"STATUS" NUMBER DEFAULT 0
   ) SEGMENT CREATION DEFERRED 
  PCTFREE 10 PCTUSED 40 INITRANS 1 MAXTRANS 255 NOCOMPRESS LOGGING
  TABLESPACE "USERS"
REM INSERTING into TBL_MEMBER
SET DEFINE OFF;
Insert into TBL_MEMBER (USERID,USERPW,USERNAME,REGDATE,UPDATEDATE,ENABLED,USEREMAIL) values ('user0','$2a$10$N99BsXWe9/Kuf3tELvM9U.hqpkGui3H6Kznx5X8YUcr0BeT3yeOkm','일반사용자','20/05/27',to_date('20/05/09','RR/MM/DD'),'1','abc@naver.com');
Insert into TBL_MEMBER (USERID,USERPW,USERNAME,REGDATE,UPDATEDATE,ENABLED,USEREMAIL) values ('sdsfs','$2a$10$vim3mt35Tor6tzWSGtdxmefXC/X9Aeb1B6xU3ouL54XCGUxU6P.l2','일반사용자','20/05/31',to_date('20/05/31','RR/MM/DD'),'0','sdsd@naver.com');
Insert into TBL_MEMBER (USERID,USERPW,USERNAME,REGDATE,UPDATEDATE,ENABLED,USEREMAIL) values ('aaaaa','$2a$10$90CpF6pFTM5lNRWX31.Wxen5hd0N2la.Q/aIfpZUoImpRjI7VzBoS','일반사용자','20/05/31',to_date('20/05/31','RR/MM/DD'),'0','asd@a.s');
Insert into TBL_MEMBER (USERID,USERPW,USERNAME,REGDATE,UPDATEDATE,ENABLED,USEREMAIL) values ('althsuwpfls','$2a$10$BF3qlpy.IDnD.kgE1sjB4u0qXd6natUDErGkZ8Gb4pHY8eX6Xb0cy','일반사용자','20/06/02',to_date('20/06/02','RR/MM/DD'),'1','althsuwpfl@gmail.com');
Insert into TBL_MEMBER (USERID,USERPW,USERNAME,REGDATE,UPDATEDATE,ENABLED,USEREMAIL) values ('althsuwpfl','$2a$10$C5m/r5mRHzSzCvLNT/0RgeiT..8Jgl.xp1Ma0xyCismUD7DvfxJT2','관리자','20/05/27',to_date('20/05/23','RR/MM/DD'),'1','althsuwpfl@naver.com');
REM INSERTING into TBL_MEMBER_AUTH
SET DEFINE OFF;
Insert into TBL_MEMBER_AUTH (USERID,AUTH) values ('user0','ROLE_USER');
Insert into TBL_MEMBER_AUTH (USERID,AUTH) values ('althsuwpfl','ROLE_ADMIN');
Insert into TBL_MEMBER_AUTH (USERID,AUTH) values ('aaaaa','ROLE_USER');
Insert into TBL_MEMBER_AUTH (USERID,AUTH) values ('althsuwpfls','ROLE_USER');
Insert into TBL_MEMBER_AUTH (USERID,AUTH) values ('sdsfs','ROLE_USER');
REM INSERTING into RES_TABLE
SET DEFINE OFF;
Insert into RES_TABLE (NUM,N_NUM,USERID,GOODS,STATUS,RESDATE,PRICE,GOODSPHOTO) values (29,13,'althsuwpfls','커피상품',0,'20/06/03',12000,'81db096c-c_coffeinge.jpg');
Insert into RES_TABLE (NUM,N_NUM,USERID,GOODS,STATUS,RESDATE,PRICE,GOODSPHOTO) values (30,13,'althsuwpfls','커피상품',0,'20/06/03',12000,'81db096c-c_coffeinge.jpg');
Insert into RES_TABLE (NUM,N_NUM,USERID,GOODS,STATUS,RESDATE,PRICE,GOODSPHOTO) values (31,12,'althsuwpfls','커피상품',0,'20/06/03',10000,'2e33dcda-8_coffee_bean_3.jpg');
Insert into RES_TABLE (NUM,N_NUM,USERID,GOODS,STATUS,RESDATE,PRICE,GOODSPHOTO) values (11,13,'althsuwpfls','커피상품',2,'20/06/07',12000,'81db096c-c_coffeinge.jpg');
Insert into RES_TABLE (NUM,N_NUM,USERID,GOODS,STATUS,RESDATE,PRICE,GOODSPHOTO) values (12,12,'althsuwpfls','커피상품',2,'20/06/07',10000,'2e33dcda-8_coffee_bean_3.jpg');
Insert into RES_TABLE (NUM,N_NUM,USERID,GOODS,STATUS,RESDATE,PRICE,GOODSPHOTO) values (32,12,'althsuwpfls','커피상품',0,'20/06/04',10000,'2e33dcda-8_coffee_bean_3.jpg');
Insert into RES_TABLE (NUM,N_NUM,USERID,GOODS,STATUS,RESDATE,PRICE,GOODSPHOTO) values (6,14,'althsuwpfls','일반커피',1,'20/06/05',12000,'b33f5aa1-f_coffee_bean_3.jpeg');
Insert into RES_TABLE (NUM,N_NUM,USERID,GOODS,STATUS,RESDATE,PRICE,GOODSPHOTO) values (7,14,'althsuwpfls','일반커피',1,'20/06/05',12000,'b33f5aa1-f_coffee_bean_3.jpeg');
Insert into RES_TABLE (NUM,N_NUM,USERID,GOODS,STATUS,RESDATE,PRICE,GOODSPHOTO) values (3,14,'althsuwpfls','일반커피',1,'20/06/05',12000,'b33f5aa1-f_coffee_bean_3.jpeg');
Insert into RES_TABLE (NUM,N_NUM,USERID,GOODS,STATUS,RESDATE,PRICE,GOODSPHOTO) values (4,12,'althsuwpfls','커피상품',1,'20/06/05',10000,'2e33dcda-8_coffee_bean_3.jpg');
Insert into RES_TABLE (NUM,N_NUM,USERID,GOODS,STATUS,RESDATE,PRICE,GOODSPHOTO) values (5,13,'althsuwpfls','커피상품',1,'20/06/05',12000,'81db096c-c_coffeinge.jpg');
Insert into RES_TABLE (NUM,N_NUM,USERID,GOODS,STATUS,RESDATE,PRICE,GOODSPHOTO) values (8,14,'althsuwpfls','일반커피',1,'20/06/05',12000,'b33f5aa1-f_coffee_bean_3.jpeg');
Insert into RES_TABLE (NUM,N_NUM,USERID,GOODS,STATUS,RESDATE,PRICE,GOODSPHOTO) values (9,14,'althsuwpfls','일반커피',1,'20/06/05',12000,'b33f5aa1-f_coffee_bean_3.jpeg');
Insert into RES_TABLE (NUM,N_NUM,USERID,GOODS,STATUS,RESDATE,PRICE,GOODSPHOTO) values (10,13,'user0','커피상품',2,'20/06/06',12000,'81db096c-c_coffeinge.jpg');
Insert into RES_TABLE (NUM,N_NUM,USERID,GOODS,STATUS,RESDATE,PRICE,GOODSPHOTO) values (13,12,'user0','커피상품',2,'20/06/08',10000,'2e33dcda-8_coffee_bean_3.jpg');
Insert into RES_TABLE (NUM,N_NUM,USERID,GOODS,STATUS,RESDATE,PRICE,GOODSPHOTO) values (14,13,'user0','커피상품',2,'20/06/08',12000,'81db096c-c_coffeinge.jpg');
REM INSERTING into NOTICEWRITE
SET DEFINE OFF;
Insert into NOTICEWRITE (SEQUENCE,USERID,TITLE,CONTENT,VIEWER,RECOMMEND,DISRECOMMEND) values (21,'althsuwpfl','추가 공지사항','<p>06월 21일 산업기사 시험 일정</p>',3,4,0);
Insert into NOTICEWRITE (SEQUENCE,USERID,TITLE,CONTENT,VIEWER,RECOMMEND,DISRECOMMEND) values (22,'althsuwpfl','테스트입니다.','<p>te</p>',123,2,2);
REM INSERTING into NOTICEREPLY
SET DEFINE OFF;
Insert into NOTICEREPLY (NUM,N_NUM,USERID,COMM,REGDATE,LIKES,HATES) values (12,10,'althsuwpfl','댓글 테스트 2 입니다.',to_date('20/06/01','RR/MM/DD'),31,13);
Insert into NOTICEREPLY (NUM,N_NUM,USERID,COMM,REGDATE,LIKES,HATES) values (13,10,'user0','안녕. USER입니다.',to_date('20/06/01','RR/MM/DD'),22,11);
Insert into NOTICEREPLY (NUM,N_NUM,USERID,COMM,REGDATE,LIKES,HATES) values (15,21,'althsuwpfl','!? 정말?',to_date('20/06/01','RR/MM/DD'),2,1);
Insert into NOTICEREPLY (NUM,N_NUM,USERID,COMM,REGDATE,LIKES,HATES) values (16,21,'althsuwpfl','실기는 언제냐',to_date('20/06/01','RR/MM/DD'),1,2);
Insert into NOTICEREPLY (NUM,N_NUM,USERID,COMM,REGDATE,LIKES,HATES) values (17,22,'althsuwpfl','안녕하세요. 관리자입니다.',to_date('20/06/02','RR/MM/DD'),34,3);
Insert into NOTICEREPLY (NUM,N_NUM,USERID,COMM,REGDATE,LIKES,HATES) values (18,22,'user0','관라자님 안녕하세요. 테스트중입니까?',to_date('20/06/02','RR/MM/DD'),8,2);
Insert into NOTICEREPLY (NUM,N_NUM,USERID,COMM,REGDATE,LIKES,HATES) values (19,22,'althsuwpfl','asda',to_date('20/06/02','RR/MM/DD'),3,2);
Insert into NOTICEREPLY (NUM,N_NUM,USERID,COMM,REGDATE,LIKES,HATES) values (21,22,'althsuwpfls','asdsa',to_date('20/06/03','RR/MM/DD'),0,0);
REM INSERTING into PRODUCT
SET DEFINE OFF;
Insert into PRODUCT (NUM,USERID,GOODS,CONTENT,PRICE,REGDATE,CATEGORY,GOODSPHOTO,MANY,STATUS) values (12,'althsuwpfl','커피상품','<p>커피상품 테스트</p>','10000',to_date('20/06/02','RR/MM/DD'),'0','2e33dcda-8_coffee_bean_3.jpg',88,'1');
Insert into PRODUCT (NUM,USERID,GOODS,CONTENT,PRICE,REGDATE,CATEGORY,GOODSPHOTO,MANY,STATUS) values (13,'althsuwpfl','커피상품','<p>커피에요.</p><p>안녕하세요.</p>','12000',to_date('20/06/02','RR/MM/DD'),'1','81db096c-c_coffeinge.jpg',18,'1');
Insert into PRODUCT (NUM,USERID,GOODS,CONTENT,PRICE,REGDATE,CATEGORY,GOODSPHOTO,MANY,STATUS) values (14,'althsuwpfl','일반커피','<p>얼마없어요</p>','12000',to_date('20/06/02','RR/MM/DD'),'0','b33f5aa1-f_coffee_bean_3.jpeg',0,'0');
REM INSERTING into INLOG
SET DEFINE OFF;
Insert into INLOG (USERID,FAIL_COUNT,LOGIN_COUNT,FULLFAIL_COUNT) values ('aaaaa',2,0,0);
Insert into INLOG (USERID,FAIL_COUNT,LOGIN_COUNT,FULLFAIL_COUNT) values ('althsuwpfls',0,300,2);
Insert into INLOG (USERID,FAIL_COUNT,LOGIN_COUNT,FULLFAIL_COUNT) values ('sdsfs',0,0,0);
Insert into INLOG (USERID,FAIL_COUNT,LOGIN_COUNT,FULLFAIL_COUNT) values ('althsuwpfl',0,745,41);
Insert into INLOG (USERID,FAIL_COUNT,LOGIN_COUNT,FULLFAIL_COUNT) values ('user0',0,168,7);
REM INSERTING into CONTACTUS
SET DEFINE OFF;
Insert into CONTACTUS (NUM,EMAIL,MESSAGE,REGDATE,STATUS,TITLE) values (3,'althsuwpfl@gmail.com','asdasd',to_date('20/05/31','RR/MM/DD'),'0','테스트');
Insert into CONTACTUS (NUM,EMAIL,MESSAGE,REGDATE,STATUS,TITLE) values (4,'althsuwpfl@gmail.com','rte',to_date('20/06/01','RR/MM/DD'),'0','테스트입니다.');
Insert into CONTACTUS (NUM,EMAIL,MESSAGE,REGDATE,STATUS,TITLE) values (21,'althsuwpfl@gmail.com','asd',to_date('20/06/05','RR/MM/DD'),'0','테스트입니다.');
Insert into CONTACTUS (NUM,EMAIL,MESSAGE,REGDATE,STATUS,TITLE) values (2,'althsuwpfl@gmail.com','테스트 메일 입니다.',to_date('20/05/30','RR/MM/DD'),'1','정말 테스트');
REM INSERTING into RESERVATION
SET DEFINE OFF;
--------------------------------------------------------
--  DDL for Index TBL_MEMBER_PK
--------------------------------------------------------

  CREATE UNIQUE INDEX "TBL_MEMBER_PK" ON "TBL_MEMBER" ("USERID") 
  PCTFREE 10 INITRANS 2 MAXTRANS 255 
  STORAGE(INITIAL 65536 NEXT 1048576 MINEXTENTS 1 MAXEXTENTS 2147483645
  PCTINCREASE 0 FREELISTS 1 FREELIST GROUPS 1 BUFFER_POOL DEFAULT FLASH_CACHE DEFAULT CELL_FLASH_CACHE DEFAULT)
  TABLESPACE "USERS" 
  PARALLEL
--------------------------------------------------------
--  DDL for Index RES_TABLE_PK
--------------------------------------------------------

  CREATE UNIQUE INDEX "RES_TABLE_PK" ON "RES_TABLE" ("NUM") 
  PCTFREE 10 INITRANS 2 MAXTRANS 255 
  STORAGE(INITIAL 65536 NEXT 1048576 MINEXTENTS 1 MAXEXTENTS 2147483645
  PCTINCREASE 0 FREELISTS 1 FREELIST GROUPS 1 BUFFER_POOL DEFAULT FLASH_CACHE DEFAULT CELL_FLASH_CACHE DEFAULT)
  TABLESPACE "USERS"
--------------------------------------------------------
--  DDL for Index NOTICEWRITE_PK
--------------------------------------------------------

  CREATE UNIQUE INDEX "NOTICEWRITE_PK" ON "NOTICEWRITE" ("SEQUENCE", "USERID") 
  PCTFREE 10 INITRANS 2 MAXTRANS 255 
  STORAGE(INITIAL 65536 NEXT 1048576 MINEXTENTS 1 MAXEXTENTS 2147483645
  PCTINCREASE 0 FREELISTS 1 FREELIST GROUPS 1 BUFFER_POOL DEFAULT FLASH_CACHE DEFAULT CELL_FLASH_CACHE DEFAULT)
  TABLESPACE "USERS"
--------------------------------------------------------
--  DDL for Index NOTICEREPLY_PK
--------------------------------------------------------

  CREATE UNIQUE INDEX "NOTICEREPLY_PK" ON "NOTICEREPLY" ("NUM", "USERID") 
  PCTFREE 10 INITRANS 2 MAXTRANS 255 COMPUTE STATISTICS 
  STORAGE(INITIAL 65536 NEXT 1048576 MINEXTENTS 1 MAXEXTENTS 2147483645
  PCTINCREASE 0 FREELISTS 1 FREELIST GROUPS 1 BUFFER_POOL DEFAULT FLASH_CACHE DEFAULT CELL_FLASH_CACHE DEFAULT)
  TABLESPACE "USERS"
--------------------------------------------------------
--  DDL for Index PRODUCT_PK
--------------------------------------------------------

  CREATE UNIQUE INDEX "PRODUCT_PK" ON "PRODUCT" ("NUM") 
  PCTFREE 10 INITRANS 2 MAXTRANS 255 
  STORAGE(INITIAL 65536 NEXT 1048576 MINEXTENTS 1 MAXEXTENTS 2147483645
  PCTINCREASE 0 FREELISTS 1 FREELIST GROUPS 1 BUFFER_POOL DEFAULT FLASH_CACHE DEFAULT CELL_FLASH_CACHE DEFAULT)
  TABLESPACE "USERS"
--------------------------------------------------------
--  DDL for Index INLOG_PK
--------------------------------------------------------

  CREATE UNIQUE INDEX "INLOG_PK" ON "INLOG" ("USERID") 
  PCTFREE 10 INITRANS 2 MAXTRANS 255 
  STORAGE(INITIAL 65536 NEXT 1048576 MINEXTENTS 1 MAXEXTENTS 2147483645
  PCTINCREASE 0 FREELISTS 1 FREELIST GROUPS 1 BUFFER_POOL DEFAULT FLASH_CACHE DEFAULT CELL_FLASH_CACHE DEFAULT)
  TABLESPACE "USERS"
--------------------------------------------------------
--  DDL for Index CONTACTUS_PK
--------------------------------------------------------

  CREATE UNIQUE INDEX "CONTACTUS_PK" ON "CONTACTUS" ("NUM", "EMAIL") 
  PCTFREE 10 INITRANS 2 MAXTRANS 255 
  STORAGE(INITIAL 65536 NEXT 1048576 MINEXTENTS 1 MAXEXTENTS 2147483645
  PCTINCREASE 0 FREELISTS 1 FREELIST GROUPS 1 BUFFER_POOL DEFAULT FLASH_CACHE DEFAULT CELL_FLASH_CACHE DEFAULT)
  TABLESPACE "USERS"
--------------------------------------------------------
--  DDL for Index RESERVATION_PK
--------------------------------------------------------

  CREATE UNIQUE INDEX "RESERVATION_PK" ON "RESERVATION" ("NUM") 
  PCTFREE 10 INITRANS 2 MAXTRANS 255 NOCOMPRESS LOGGING
  TABLESPACE "USERS"
--------------------------------------------------------
--  Constraints for Table TBL_MEMBER
--------------------------------------------------------

  ALTER TABLE "TBL_MEMBER" MODIFY ("USERID" NOT NULL ENABLE)
 
  ALTER TABLE "TBL_MEMBER" MODIFY ("USERPW" NOT NULL ENABLE)
 
  ALTER TABLE "TBL_MEMBER" MODIFY ("USERNAME" NOT NULL ENABLE)
 
  ALTER TABLE "TBL_MEMBER" MODIFY ("ENABLED" NOT NULL ENABLE)
 
  ALTER TABLE "TBL_MEMBER" MODIFY ("USEREMAIL" NOT NULL ENABLE)
 
  ALTER TABLE "TBL_MEMBER" ADD CONSTRAINT "TBL_MEMBER_PK" PRIMARY KEY ("USERID")
  USING INDEX PCTFREE 10 INITRANS 2 MAXTRANS 255 
  STORAGE(INITIAL 65536 NEXT 1048576 MINEXTENTS 1 MAXEXTENTS 2147483645
  PCTINCREASE 0 FREELISTS 1 FREELIST GROUPS 1 BUFFER_POOL DEFAULT FLASH_CACHE DEFAULT CELL_FLASH_CACHE DEFAULT)
  TABLESPACE "USERS"  ENABLE
--------------------------------------------------------
--  Constraints for Table TBL_MEMBER_AUTH
--------------------------------------------------------

  ALTER TABLE "TBL_MEMBER_AUTH" MODIFY ("USERID" NOT NULL ENABLE)
 
  ALTER TABLE "TBL_MEMBER_AUTH" MODIFY ("AUTH" NOT NULL ENABLE)
--------------------------------------------------------
--  Constraints for Table RES_TABLE
--------------------------------------------------------

  ALTER TABLE "RES_TABLE" ADD CONSTRAINT "RES_TABLE_PK" PRIMARY KEY ("NUM")
  USING INDEX PCTFREE 10 INITRANS 2 MAXTRANS 255 
  STORAGE(INITIAL 65536 NEXT 1048576 MINEXTENTS 1 MAXEXTENTS 2147483645
  PCTINCREASE 0 FREELISTS 1 FREELIST GROUPS 1 BUFFER_POOL DEFAULT FLASH_CACHE DEFAULT CELL_FLASH_CACHE DEFAULT)
  TABLESPACE "USERS"  ENABLE
 
  ALTER TABLE "RES_TABLE" MODIFY ("NUM" NOT NULL ENABLE)
 
  ALTER TABLE "RES_TABLE" MODIFY ("N_NUM" NOT NULL ENABLE)
 
  ALTER TABLE "RES_TABLE" MODIFY ("USERID" NOT NULL ENABLE)
 
  ALTER TABLE "RES_TABLE" MODIFY ("GOODS" NOT NULL ENABLE)
 
  ALTER TABLE "RES_TABLE" MODIFY ("STATUS" NOT NULL ENABLE)
 
  ALTER TABLE "RES_TABLE" MODIFY ("RESDATE" NOT NULL ENABLE)
--------------------------------------------------------
--  Constraints for Table NOTICEWRITE
--------------------------------------------------------

  ALTER TABLE "NOTICEWRITE" ADD CONSTRAINT "NOTICEWRITE_PK" PRIMARY KEY ("SEQUENCE", "USERID")
  USING INDEX PCTFREE 10 INITRANS 2 MAXTRANS 255 
  STORAGE(INITIAL 65536 NEXT 1048576 MINEXTENTS 1 MAXEXTENTS 2147483645
  PCTINCREASE 0 FREELISTS 1 FREELIST GROUPS 1 BUFFER_POOL DEFAULT FLASH_CACHE DEFAULT CELL_FLASH_CACHE DEFAULT)
  TABLESPACE "USERS"  ENABLE
 
  ALTER TABLE "NOTICEWRITE" MODIFY ("SEQUENCE" NOT NULL ENABLE)
 
  ALTER TABLE "NOTICEWRITE" MODIFY ("USERID" NOT NULL ENABLE)
 
  ALTER TABLE "NOTICEWRITE" MODIFY ("TITLE" NOT NULL ENABLE)
 
  ALTER TABLE "NOTICEWRITE" MODIFY ("CONTENT" NOT NULL ENABLE)
 
  ALTER TABLE "NOTICEWRITE" MODIFY ("VIEWER" NOT NULL ENABLE)
 
  ALTER TABLE "NOTICEWRITE" MODIFY ("RECOMMEND" NOT NULL ENABLE)
 
  ALTER TABLE "NOTICEWRITE" MODIFY ("DISRECOMMEND" NOT NULL ENABLE)
--------------------------------------------------------
--  Constraints for Table NOTICEREPLY
--------------------------------------------------------

  ALTER TABLE "NOTICEREPLY" ADD CONSTRAINT "NOTICEREPLY_PK" PRIMARY KEY ("NUM", "USERID")
  USING INDEX PCTFREE 10 INITRANS 2 MAXTRANS 255 COMPUTE STATISTICS 
  STORAGE(INITIAL 65536 NEXT 1048576 MINEXTENTS 1 MAXEXTENTS 2147483645
  PCTINCREASE 0 FREELISTS 1 FREELIST GROUPS 1 BUFFER_POOL DEFAULT FLASH_CACHE DEFAULT CELL_FLASH_CACHE DEFAULT)
  TABLESPACE "USERS"  ENABLE
 
  ALTER TABLE "NOTICEREPLY" MODIFY ("NUM" NOT NULL ENABLE)
 
  ALTER TABLE "NOTICEREPLY" MODIFY ("N_NUM" NOT NULL ENABLE)
 
  ALTER TABLE "NOTICEREPLY" MODIFY ("USERID" NOT NULL ENABLE)
 
  ALTER TABLE "NOTICEREPLY" MODIFY ("COMM" NOT NULL ENABLE)
 
  ALTER TABLE "NOTICEREPLY" MODIFY ("REGDATE" NOT NULL ENABLE)
--------------------------------------------------------
--  Constraints for Table PRODUCT
--------------------------------------------------------

  ALTER TABLE "PRODUCT" ADD CONSTRAINT "PRODUCT_PK" PRIMARY KEY ("NUM")
  USING INDEX PCTFREE 10 INITRANS 2 MAXTRANS 255 
  STORAGE(INITIAL 65536 NEXT 1048576 MINEXTENTS 1 MAXEXTENTS 2147483645
  PCTINCREASE 0 FREELISTS 1 FREELIST GROUPS 1 BUFFER_POOL DEFAULT FLASH_CACHE DEFAULT CELL_FLASH_CACHE DEFAULT)
  TABLESPACE "USERS"  ENABLE
 
  ALTER TABLE "PRODUCT" MODIFY ("NUM" NOT NULL ENABLE)
 
  ALTER TABLE "PRODUCT" MODIFY ("USERID" NOT NULL ENABLE)
 
  ALTER TABLE "PRODUCT" MODIFY ("GOODS" NOT NULL ENABLE)
 
  ALTER TABLE "PRODUCT" MODIFY ("CONTENT" NOT NULL ENABLE)
 
  ALTER TABLE "PRODUCT" MODIFY ("PRICE" NOT NULL ENABLE)
 
  ALTER TABLE "PRODUCT" MODIFY ("REGDATE" NOT NULL ENABLE)
 
  ALTER TABLE "PRODUCT" MODIFY ("CATEGORY" NOT NULL ENABLE)
 
  ALTER TABLE "PRODUCT" MODIFY ("GOODSPHOTO" NOT NULL ENABLE)
 
  ALTER TABLE "PRODUCT" MODIFY ("MANY" NOT NULL ENABLE)
--------------------------------------------------------
--  Constraints for Table INLOG
--------------------------------------------------------

  ALTER TABLE "INLOG" ADD CONSTRAINT "INLOG_PK" PRIMARY KEY ("USERID")
  USING INDEX PCTFREE 10 INITRANS 2 MAXTRANS 255 
  STORAGE(INITIAL 65536 NEXT 1048576 MINEXTENTS 1 MAXEXTENTS 2147483645
  PCTINCREASE 0 FREELISTS 1 FREELIST GROUPS 1 BUFFER_POOL DEFAULT FLASH_CACHE DEFAULT CELL_FLASH_CACHE DEFAULT)
  TABLESPACE "USERS"  ENABLE
 
  ALTER TABLE "INLOG" MODIFY ("USERID" NOT NULL ENABLE)
 
  ALTER TABLE "INLOG" MODIFY ("FAIL_COUNT" NOT NULL ENABLE)
 
  ALTER TABLE "INLOG" MODIFY ("LOGIN_COUNT" NOT NULL ENABLE)
--------------------------------------------------------
--  Constraints for Table CONTACTUS
--------------------------------------------------------

  ALTER TABLE "CONTACTUS" ADD CONSTRAINT "CONTACTUS_PK" PRIMARY KEY ("NUM", "EMAIL")
  USING INDEX PCTFREE 10 INITRANS 2 MAXTRANS 255 
  STORAGE(INITIAL 65536 NEXT 1048576 MINEXTENTS 1 MAXEXTENTS 2147483645
  PCTINCREASE 0 FREELISTS 1 FREELIST GROUPS 1 BUFFER_POOL DEFAULT FLASH_CACHE DEFAULT CELL_FLASH_CACHE DEFAULT)
  TABLESPACE "USERS"  ENABLE
 
  ALTER TABLE "CONTACTUS" MODIFY ("NUM" NOT NULL ENABLE)
 
  ALTER TABLE "CONTACTUS" MODIFY ("EMAIL" NOT NULL ENABLE)
 
  ALTER TABLE "CONTACTUS" MODIFY ("MESSAGE" NOT NULL ENABLE)
 
  ALTER TABLE "CONTACTUS" MODIFY ("REGDATE" NOT NULL ENABLE)
 
  ALTER TABLE "CONTACTUS" MODIFY ("STATUS" NOT NULL ENABLE)
--------------------------------------------------------
--  Constraints for Table RESERVATION
--------------------------------------------------------

  ALTER TABLE "RESERVATION" ADD CONSTRAINT "RESERVATION_PK" PRIMARY KEY ("NUM")
  USING INDEX PCTFREE 10 INITRANS 2 MAXTRANS 255 NOCOMPRESS LOGGING
  TABLESPACE "USERS"  ENABLE
 
  ALTER TABLE "RESERVATION" MODIFY ("NUM" NOT NULL ENABLE)
 
  ALTER TABLE "RESERVATION" MODIFY ("USERID" NOT NULL ENABLE)
 
  ALTER TABLE "RESERVATION" MODIFY ("SELLER" NOT NULL ENABLE)
 
  ALTER TABLE "RESERVATION" MODIFY ("BUYDATE" NOT NULL ENABLE)
 
  ALTER TABLE "RESERVATION" MODIFY ("STATUS" NOT NULL ENABLE)
--------------------------------------------------------
--  Ref Constraints for Table TBL_MEMBER_AUTH
--------------------------------------------------------

  ALTER TABLE "TBL_MEMBER_AUTH" ADD CONSTRAINT "FK_MEMBER_AUTH" FOREIGN KEY ("USERID")
	  REFERENCES "TBL_MEMBER" ("USERID") ON DELETE CASCADE ENABLE
--------------------------------------------------------
--  Ref Constraints for Table RES_TABLE
--------------------------------------------------------

  ALTER TABLE "RES_TABLE" ADD CONSTRAINT "RES_TABLE_FK1" FOREIGN KEY ("N_NUM")
	  REFERENCES "PRODUCT" ("NUM") ON DELETE CASCADE ENABLE
--------------------------------------------------------
--  Ref Constraints for Table NOTICEWRITE
--------------------------------------------------------

  ALTER TABLE "NOTICEWRITE" ADD CONSTRAINT "NOTICEWRITE_FK1" FOREIGN KEY ("USERID")
	  REFERENCES "TBL_MEMBER" ("USERID") ON DELETE CASCADE ENABLE
--------------------------------------------------------
--  Ref Constraints for Table PRODUCT
--------------------------------------------------------

  ALTER TABLE "PRODUCT" ADD CONSTRAINT "PRODUCT_FK1" FOREIGN KEY ("USERID")
	  REFERENCES "TBL_MEMBER" ("USERID") ON DELETE CASCADE ENABLE
--------------------------------------------------------
--  Ref Constraints for Table INLOG
--------------------------------------------------------

  ALTER TABLE "INLOG" ADD CONSTRAINT "INLOG_FK1" FOREIGN KEY ("USERID")
	  REFERENCES "TBL_MEMBER" ("USERID") ON DELETE CASCADE ENABLE
--------------------------------------------------------
--  Ref Constraints for Table RESERVATION
--------------------------------------------------------

  ALTER TABLE "RESERVATION" ADD CONSTRAINT "RESERVATION_FK1" FOREIGN KEY ("NUM")
	  REFERENCES "PRODUCT" ("NUM") ON DELETE CASCADE ENABLE
